Ano,Estado,Occupation_Pct,Total_Visitors,Total_Visitors_Domestic,Total_Visitors_Foreign,Total_Overnight,Total_Overnight_Domestic,Total_Overnight_Foreign
2014,Aguascalientes,50.71962922,530502.9751,482245.868,48257.10715,1189196.097,1068276.739,120919.3582
2014,Baja California,40.29333345,3640601,2780116,860485,4691100,3522247,1168853
2014,Baja California Sur,59.40305996,1740468.844,681246.4043,1059222.44,8565825.634,2727958.284,5837867.35
2014,Campeche,50.64734339,1466950,1225942,241008,2655260,2265138,390122
2014,Chiapas,35.44208714,3542910.873,3190148.659,352762.214,4290669.205,3861293.989,429375.216
2014,Chihuahua,39.65934338,3908207.245,3694990.541,213216.7043,4517181.201,4209710.467,307470.7342
2014,Coahuila,42.78586685,1624076.393,1486024.538,138051.8543,2168951.737,1977323.876,191627.8613
2014,Colima,43.28034625,939655,889599,50056,2588180,2422869,165311
2014,Distrito Federal,64.17,11019773,9006292,2013481,19138469,14782279,4356190
2014,Durango ,50.48963764,590814.0065,579313.0281,11500.97841,898483.3506,876820.7891,21662.56151
2014,Guanajuato,47.23801027,4033289,3906126,127163,5549381,5222821,326560
2014,Guerrero ,39.5695044,5683880.787,5469748.23,214132.5572,11510643.92,11016270.96,494372.9593
2014,Hidalgo,51.40728567,2608530,2591366,17164,3200059,3178949,21110
2014,Jalisco,51.00219675,7235525,6156581,1078944,18364073.62,14655575.01,3708498.617
2014,M�xico,35.0892747,2818682,2690359,128323,4563339,4315911,247428
2014,Michoac�n,38.98022383,2457678,2413936,43742,4009714.563,3937907.665,71806.89867
2014,Morelos,35.01185932,1201835.453,1070316.101,131519.3519,1720620.049,1576315.595,144304.4539
2014,Nayarit ,57.76528382,2214102.59,1569610.203,644492.387,8107543.585,4583208.424,3524335.161
2014,Nuevo Le�n,56.08318868,2091330.468,1676435.547,414894.9208,4857317.45,3957244.8,900072.6509
2014,Oaxaca,40.79225145,3083266.051,2951921.597,131344.4538,5736085.876,5498605.112,237480.7642
2014,Puebla,64.78622391,3508822.61,3108170.584,400652.0259,6843402,6042449.994,800952.0052
2014,Quer�taro,53.91584203,1685639.614,1590425.456,95214.15826,3686219.911,3480822.626,205397.2851
2014,Quintana Roo ,75.30259145,12257869.81,3229907.719,9027962.09,51956922.25,8136530.846,43820391.4
2014,San Luis Potos�,45.90812352,1055065.874,903936.5671,151129.3066,1650261.49,1409045.461,241216.0293
2014,Sinaloa,51.54579725,2942071.264,2579493.698,362577.5653,6864111.403,5433972.858,1430138.544
2014,Sonora,51.76329498,2457017.01,2260923.626,196093.3843,4106811.227,3740890.024,365921.2031
2014,Tabasco,54.05060079,1024103.247,947545.8039,76557.44351,1949202.577,1803920.868,145281.7091
2014,Tamaulipas ,55.96491193,3364009.193,3200412.232,163596.9603,4780939.657,4568025.136,212914.5213
2014,Tlaxcala,35.61223357,332564.1457,327440.6355,5123.510258,419983.0612,409221.9522,10761.10896
2014,Veracruz,52.42017469,5699742.604,5608673.696,91068.90799,8410662.94,8273046.998,137615.9419
2014,Yucat�n  ,47.85966192,1896789.736,1423949.679,472840.0567,3093904.844,2473599.176,620305.6681
2014,Zacatecas,43.45825852,1077749.237,1052712.381,25036.85654,1667883.483,1606549.962,61333.52044
2013,Aguascalientes,49.28454819,519227,457296,61931,1115914.832,887403.6424,228511.19
2013,Baja California,40.65857219,3117250.241,2383381.439,733868.8026,4408468.978,3371379.488,1037089.491
2013,Baja California Sur,61.22431989,1887851.878,763408.1847,1124443.694,7385953.753,1842851.092,5543102.661
2013,Campeche,52.31393986,1430172.051,999737.5532,430434.4978,2283323.261,1664481.9,618841.3611
2013,Chiapas,34.46968166,3361335.697,3013479.695,347856.0021,4092100.704,3651897.189,440203.5152
2013,Chihuahua,41.95245254,3817119.031,3602186.846,214932.1843,4926355.131,4621432.954,304922.1774
2013,Coahuila,45.0940662,1604490.356,1513691.558,90798.79711,2427817.808,2256182.668,171635.1406
2013,Colima,41.17878697,927206.8637,895266.231,31940.6327,2474198.091,2361718.562,112479.529
2013,Distrito Federal,64.79,12022748,9942826.683,2079921.317,22362311.28,18050363,4311948.277
2013,Durango,43.60945771,536750.8632,513078.198,23672.6652,784445.2576,740270.5745,44174.68303
2013,Guanajuato,46.61,3504540,3365097,139443,5129279,4755245,374034
2013,Guerrero,39.5440749,5635060.819,5427351.243,207709.576,9089656.254,8428362.166,661294.0875
2013,Hidalgo,50.22,2092989,2087305,5684,2460768,2451794,8974
2013,Jalisco,47.54195364,7029791.898,6214895.826,814896.0723,14564651.88,11661917.94,2902733.937
2013,M�xico,34.57420566,2742850.207,2592548.477,150301.7298,3551910.569,3237713.048,314197.5207
2013,Michoac�n,38.6340028,2549431.906,2505254.924,44176.98173,3339014.159,3271103.276,67910.88288
2013,Morelos,38.37445017,1302052,1163268.393,138783.6069,1882252.98,1730331.209,151921.7709
2013,Nayarit,49.7454438,2097503.907,1692706.184,404797.7239,5579605.28,4235657.113,1343948.168
2013,Nuevo Le�n,52.38068585,1908022.79,1572207.13,335815.6604,3908890.535,3316287.588,592602.9473
2013,Oaxaca,39.90225421,3022774,2820073.352,202700.648,5721334.325,5020394.603,700939.7221
2013,Puebla,60.84765552,3436313,3035497.946,400815.0538,5618015.661,4884122.606,733893.0548
2013,Quer�taro,54.40378125,1741290.973,1641015.194,100275.7798,3149859.47,2930971.861,218887.6089
2013,Quintana Roo,71.16525703,10869665.91,3321615.683,7548050.229,46551219.69,6636083.973,39915135.72
2013,San Luis Potos�,47.75366187,920103,797178.4547,122924.5453,1888811.302,1626009.651,262801.651
2013,Sinaloa,46.76029898,2803295.272,2451641.87,351653.4024,6226921.669,5003988.843,1222932.826
2013,Sonora,52.08027721,2297213.445,2120521.016,176692.4291,4164790.566,3830630.739,334159.8262
2013,Tabasco,55.68505866,977927.1963,906892.9351,71034.26121,1974217.233,1816874.313,157342.9204
2013,Tamaulipas,52.93669486,3065634.843,2894658.925,170975.9178,4313613.404,4140747.774,172865.6299
2013,Tlaxcala,32.37391625,278956,274033.9488,4922.051229,387516.1723,378839.2202,8676.952058
2013,Veracruz,47.37900698,5361578,5168463.812,193114.1877,6816957.551,6570084.763,246872.7886
2013,Yucat�n,49.33702138,1764103.74,1406302.17,357801.5697,3010429.456,2520184.294,490245.1621
2013,Zacatecas,40.4276963,1004871,984110.458,20760.54203,1530441.365,1461060.701,69380.66387
2012,Aguascalientes,44.08607059,498627,453493.8153,45133.18466,1072711.851,876972.0435,195739.808
2012,Baja California,38.15012457,3102040.919,2220413.823,881627.0963,3989984.278,2851356.74,1138627.538
2012,Baja California Sur,58.27042982,1875947.373,779509.4588,1096437.915,7582865.657,2051538.042,5531327.614
2012,Campeche,52.5185898,1241354.549,1041914.978,199439.5707,2004265.627,1711666.595,292599.0327
2012,Chiapas,37.58486349,3615889.17,3258331.317,357557.8533,4438514.407,3970506.6,468007.807
2012,Chihuahua,40.12264496,3566384.382,3263280.039,303104.3436,5003261.48,4549555.043,453706.4371
2012,Coahuila,47.00911892,1442042.772,1352257.044,89785.728,2288609.745,2109489.283,179120.4617
2012,Colima,44.50604415,1043999.246,999969.954,44029.29194,2979021.92,2845996.707,133025.2134
2012,Distrito Federal,62.45177903,11859457,9662201,2197256,23801610,19026862,4774748
2012,Durango,44.32241414,586575.2,578258.4451,8316.754898,870215.0208,856858.0511,13356.96964
2012,Guanajuato,43.39097392,3328089,3231862,96227,4860416,4626742,233674
2012,Guerrero,42.44381127,5408736.501,5208389.504,200346.9977,9629675.19,8929107.969,700567.2206
2012,Hidalgo,48.00604095,1798323,1786875,11448,2263776,2251190,12586
2012,Jalisco,47.58368211,6603529.932,5828896.431,774633.5005,12807985.36,9794626.007,3013359.356
2012,M�xico,35.52276389,2606733.507,2351124.854,255608.6536,3755386.048,3210023.954,545362.0932
2012,Michoac�n,39.61534357,2705284.57,2663896.214,41388.35562,3530281.823,3467437.08,62844.74248
2012,Morelos,36.71935572,1304322.233,1190549.539,113772.6936,1813415.922,1685860.911,127555.0103
2012,Nayarit,46.364,1564374,1280156.538,284217.4619,4849559.4,3881297.992,968261.4077
2012,Nuevo Le�n,48.34728738,1744073.983,1531187.933,212886.0506,3683127.117,3245965.974,437161.1424
2012,Oaxaca,39.9837531,2524344.752,2364691.895,159652.8565,4699559.046,4152211.455,547347.5907
2012,Puebla,53.14924396,2854943,2553158.003,301784.9968,4080374.279,3541129.068,539245.2113
2012,Quer�taro,52.48495682,1513352,1432375,80977,2669222,2482725,186497
2012,Quintana Roo,69.87,9416635,3033722,6382913,40114865.1,6142545.072,33972320.03
2012,San Luis Potos�,43.8499104,1082064.825,980354.0794,101710.7453,2067281.348,1856968.17,210313.1785
2012,Sinaloa,45.70462052,2750864.774,2383715.145,367149.6295,6271063.598,4986348.288,1284715.309
2012,Sonora,51.03409296,2162037.397,2002966.929,159070.4672,4312492.181,3963839.041,348653.14
2012,Tabasco,53.78002038,1228170.133,1148475.764,79694.36911,2217971.685,2071617.898,146353.7875
2012,Tamaulipas,40.22810709,2578411.292,2561908.377,16502.91453,4471748.449,4436983.955,34764.49378
2012,Tlaxcala,34.32796186,291730,284389,7341,361922.4055,350628.346,11294.05956
2012,Veracruz,43.80448157,5151131.096,4926371.144,224759.9515,7422369.615,7008250.521,414119.0938
2012,Yucat�n,52.47221434,1748252.384,1425523.093,322729.2914,3077081.207,2598422.789,478658.4181
2012,Zacatecas,39.91378011,912713,887576,25137,1470034,1398751,71283
2011,Aguascalientes,38.66361966,506569,474221,32348,901722.2075,821251.7084,80470.49912
2011,Baja California,36.08948371,2837574.949,1939492.112,898082.837,3789534.32,2572287.028,1217247.292
2011,Baja California Sur,54.04179511,1742295.201,712826.4979,1029468.703,6786121.901,1685788.506,5100333.395
2011,Campeche,51.78031436,1171507.028,993364.5531,178142.4748,1896111.893,1650949.768,245162.1248
2011,Chiapas,37.29203471,3466520.912,3038772.75,427748.1621,4277909.645,3756375.072,521534.5729
2011,Chihuahua,43.55133587,3417028.238,3204401.219,212627.0195,5361612.181,4952856.088,408756.093
2011,Coahuila,42.26860696,1210719.357,1072106.08,138613.2772,2037874.955,1720912.34,316962.6153
2011,Colima,45.13805188,987646.5602,945126.8675,42519.69265,2700228.674,2589220.962,111007.7122
2011,Distrito Federal,57.39911927,11206116,9185998,2020118,22141737,17622173,4519564
2011,Durango,41.63589151,571946,565429,6517,855631.1911,848034.1191,7597.072089
2011,Guanajuato,39.12658683,2976899,2896475,80424,4266915,4089089,177826
2011,Guerrero,38.88867003,5045895.771,4850317.316,195578.4547,8983233.198,8315239.666,667993.5316
2011,Hidalgo,37.05417489,1795890,1705160,90730,1859839,1766326,93513
2011,Jalisco,46.35720423,6144571.326,5372254.775,772316.5508,13150998.18,10154602.61,2996395.568
2011,M�xico,37.25235893,3153503.031,2742281.374,411221.6569,3717912.192,3074298.341,643613.851
2011,Michoac�n,38.48652635,2614066.804,2564506.236,49560.56835,3411183.074,3337283.648,73899.42575
2011,Morelos,36.9258263,1255671.053,1141184.032,114487.0215,1645237.521,1519169.039,126068.4812
2011,Nayarit,45.89689007,1935260,1694269,240991,7275662.238,5915704.148,1359958.089
2011,Nuevo Le�n,41.24950268,1621573,1461381,160192,3061251,2752298,308953
2011,Oaxaca,39.1362702,2672394,2501955,170439,4838195.4,4256333.987,581861.4138
2011,Puebla,49.21343319,2480977.153,2199115.153,281862,3457022.672,2976379.417,480643.2559
2011,Quer�taro,50.46506185,1361402,1293373,68029,2385843.84,2224098.505,161745.3352
2011,Quintana Roo,62.99266644,8679586,2761876,5917710,38059517.76,6861090.731,31198427.03
2011,San Luis Potos�,46.89063306,1045677,910360,135317,1712019.422,1428205.774,283813.6482
2011,Sinaloa,45.88393926,2739788.302,2311263.364,428524.938,6350774.631,4769286.243,1581488.389
2011,Sonora,49.08719626,2108227.076,1963850.909,144376.1671,3983452.331,3686179.045,297273.2865
2011,Tabasco,46.88584306,999075.4888,948727.8887,50347.60015,1773272.735,1679281.275,93991.45968
2011,Tamaulipas,36.45011031,2871846.597,2862654.977,9191.619944,3804768.942,3789268.205,15500.73678
2011,Tlaxcala,28.98455144,250190,247637,2553,339065.5561,333176.6733,5888.882843
2011,Veracruz,43.21445224,4682443,4485772,196671,6647483.427,6294308.539,353174.8877
2011,Yucat�n,53.53420004,1746060.784,1456158.207,289902.577,3069482.586,2636981.019,432501.5664
2011,Zacatecas,36.12469552,815366.6972,788570.3295,26796.3677,1394908.381,1307038.439,87869.94168
2010,Aguascalientes,33.93234339,466343,450031,16312,839778.1081,797023.1163,42754.99171
2010,Baja California,34.67604114,2741179.949,1838744.025,902435.9234,3654970.87,2444234.007,1210736.864
2010,Baja California Sur,53.98584787,1622679.113,703117.4172,919561.696,6512455.303,1595898.114,4916557.19
2010,Campeche,54.15416125,1092178,965257.2445,126920.7555,1731498.103,1567747.134,163750.9684
2010,Chiapas,37.30780646,3234443.863,2820068.277,414375.5855,4101643.502,3587129.9,514513.6021
2010,Chihuahua,49.0217592,3502226.49,3309882.391,192344.0988,5656838.68,5297437.249,359401.4307
2010,Coahuila,42.24486447,1126342.853,963999.4047,162343.4483,1831318.293,1437309.085,394009.208
2010,Colima,44.23450986,1001455.25,972093.1002,29362.14968,2589258.768,2473757.172,115501.5955
2010,Distrito Federal,52.31564035,9899693,8099736,1799957,19389053,15250030,4139023
2010,Durango,43.14645914,619824,614930,4894,910838.9326,904502.0661,6336.866548
2010,Guanajuato,38.63925078,2828975,2731477,97498,4154854,3954459,200395
2010,Guerrero,47.98537501,6128855.234,5889279.335,239575.8986,9349570.882,8548532.895,801037.9876
2010,Hidalgo,28.61008789,1063757,1003962,59795,1178414,1111383,67031
2010,Jalisco,45.12706376,5802264.293,4998363.823,803900.47,12455004.88,9164559.093,3290445.786
2010,M�xico,35.92398131,3030155.063,2403182.761,626972.3018,3198369.948,2516633.397,681736.551
2010,Michoac�n,41.99136078,2850699,2790978,59721,3841812.919,3741818.671,99994.24864
2010,Morelos,35.43555614,1299322.941,1163465.472,135857.4687,1690808.68,1533029.623,157779.0571
2010,Nayarit,57.94052838,1892559.137,1314389.604,578169.533,7533526.251,4261820.04,3271706.211
2010,Nuevo Le�n,42.83989413,1687135.195,1467702.043,219433.1525,3174277.916,2731624.895,442653.0216
2010,Oaxaca,37.90783274,2597092.188,2450687.188,146405,4666792.001,4160462.651,506329.3501
2010,Puebla,47.96307078,2294254,2041750.735,252503.2648,3225429.499,2718993.577,506435.9217
2010,Quer�taro,49.90944409,1252577,1195910,56667,2080501.97,1974878.647,105623.3228
2010,Quintana Roo,60.75609611,8606936.312,2780106.049,5826830.263,37040664.8,6631381.071,30409283.73
2010,San Luis Potos�,45.48950473,1093917,949293,144624,1573378.725,1288762.871,284615.8545
2010,Sinaloa,46.96363362,2797425.718,2267010.218,530415.5002,6305652.297,4558748.446,1746903.851
2010,Sonora,45.71586177,1994148.295,1851664.973,142483.3215,3624228.892,3387005.088,237223.8043
2010,Tabasco,46.5483559,995807.4659,955384.1638,40423.3021,1749748.003,1677571.42,72176.58381
2010,Tamaulipas,28.93185564,2606728.502,2594859.848,11868.65414,2905770.563,2879994.92,25775.64342
2010,Tlaxcala,28.19598128,255649,253256,2393,374686.8218,368300.7298,6386.09199
2010,Veracruz,43.8637331,4668204,4472367,195837,6805843.238,6481654.47,324188.7674
2010,Yucat�n,49.63829952,1574931.632,1311803.072,263128.56,2657868.825,2242767.528,415101.2976
2010,Zacatecas,40.99098715,977577,936461,41116,1716505.834,1578727.178,137778.6566
2009,Aguascalientes,31.72735128,385646,373793,11853,718389.0521,685456.9919,32932.06022
2009,Baja California,36.47686738,2346269.811,1441606.218,904663.5928,3562448.261,2327446.342,1235001.919
2009,Baja California Sur,50.72244952,1835127.572,690879.7249,1144247.847,6173943.196,1484336.056,4689607.14
2009,Campeche,51.28328233,1074129,945351,128778,1641682.637,1474306.662,167375.975
2009,Chiapas,37.9374937,3106162.163,2677157.74,429004.4234,4018621.316,3485727.858,532893.4584
2009,Chihuahua,47.23107194,3110713.434,2844386.181,266327.2527,5261686.664,4787235.587,474451.0774
2009,Coahuila,44.34060639,1254092.57,1088071.485,166021.0849,1908016.344,1541258.477,366757.8671
2009,Colima,43.8155841,983104.4806,916022.2353,67082.24535,2481261.316,2308434.308,172827.0084
2009,Distrito Federal,45.74807278,9179626,7295374,1884252,17311370,13310087,4001283
2009,Durango,41.25477566,479350.7597,461061.8668,18288.89286,814435.8064,792633.784,21802.02234
2009,Guanajuato,34.86514305,2501582,2405398,96184,3631565,3439853,191712
2009,Guerrero,36.82793663,6440458.877,6223348.706,217110.1719,8337418.038,7638730.324,698687.7136
2009,Hidalgo,20.90752596,810423,740831,69592,875460,801718,73742
2009,Jalisco,43.97729269,5471720.535,4684957.951,786762.5844,11937217.94,8697497.875,3239720.067
2009,M�xico,35.12346589,3077089.357,2758440.483,318648.874,3339215.616,3003981.857,335233.7589
2009,Michoac�n,39.75653478,2558417.509,2484546.187,73871.32231,3733319.927,3617474.098,115845.8291
2009,Morelos,36.76895339,1346394.369,1272738.239,73656.1299,1872190.521,1773785.478,98405.04277
2009,Nayarit,51.4700285,1749616.722,1208826.933,540789.7887,5950642.155,3450235.576,2500406.579
2009,Nuevo Le�n,45.6585452,1903941.057,1639731.114,264209.9422,3377073.065,2882644.267,494428.7983
2009,Oaxaca,38.80649725,2431570,2229237,202333,4291357.117,3662798.113,628559.0034
2009,Puebla,46.77302655,2111407,1879512,231895,2988154.76,2559411.048,428743.7116
2009,Quer�taro,46.05121015,1120019,1069288,50731,1846291.162,1748683.164,97607.99793
2009,Quintana Roo,55.95387213,8080898.667,2692405.037,5388493.63,32428965.13,6405093.369,26023871.76
2009,San Luis Potos�,45.27989989,1138713,981039,157674,1884593.246,1607275.792,277317.4542
2009,Sinaloa,49.79833996,2577528.879,2170718.835,406810.0444,6110894.107,4569968.852,1540925.255
2009,Sonora,46.36449353,2130303.064,1984674.714,145628.35,3552841.693,3293718.841,259122.8515
2009,Tabasco,44.46582015,1016602.65,974908.5465,41694.10353,1649468.348,1584607.386,64860.96214
2009,Tamaulipas,36.00110071,2784689.295,2706521.19,78168.10541,3885771.864,3672201.927,213569.9366
2009,Tlaxcala,26.95652888,260692,257464,3228,388238.6762,380992.3006,7246.375657
2009,Veracruz,45.57216636,4614970,4517559,97411,6648942.636,6490342.611,158600.0243
2009,Yucat�n,46.85617881,1395709.844,1094066.068,301643.7758,2343446.746,1888351.546,455095.1995
2009,Zacatecas,41.39465993,912633.8181,881349.64,31284.17814,1498297.212,1426268.458,72028.75363
2008,Aguascalientes,39.56326567,530170.1996,512667.4145,17502.78516,931726.6321,887847.2922,43879.33984
2008,Baja California,42.71989328,2933551.679,1914053.548,1019498.131,3961323.518,2623756.865,1337566.653
2008,Baja California Sur,56.87649587,2150095.362,794024.715,1356070.647,6313768.962,1630887.233,4682881.728
2008,Campeche,53.14834437,1021933.838,822853.3247,199080.5134,1486019.393,1220193.537,265825.8558
2008,Chiapas,39.20393141,2938859.502,2462826.307,476033.1943,3888682.073,3231948.346,656733.7267
2008,Chihuahua,58.17787752,3764188.536,3330495.322,433693.2137,5954505.051,5338626.749,615878.3011
2008,Coahuila,52.91440195,1328055.6,1126745.992,201309.6078,2243801.776,1756435.702,487366.0745
2008,Colima,43.167023,1034469.578,797431.7027,237037.8749,2156207.311,1892939.301,263268.0102
2008,Distrito Federal,56.11621434,10810638,8066299,2744339,21040494,15217336,5823158
2008,Durango,39.8891955,545800.2838,528557.7412,17242.5426,796210.0715,773204.1008,23005.9707
2008,Guanajuato,39.01083219,2655390,2522478,132912,3893603,3636681,256922
2008,Guerrero,45.84694151,7444347.67,7014125.802,430221.8679,9787811.424,8644684.739,1143126.685
2008,Hidalgo,26.48008836,1149461,1123226,26235,1251365,1215195,36170
2008,Jalisco,48.57308309,5679504.775,4613017.798,1066486.977,13127117.37,8871990.806,4255126.568
2008,M�xico,39.85395223,3257947.914,2911764.628,346183.2859,3911104.517,3510387.278,400717.2394
2008,Michoac�n,41.97718961,2576330,2482795,93535,3541438.266,3398650.561,142787.7044
2008,Morelos,41.46110506,1457569.341,1384091.865,73477.47603,2217011.942,2092964.31,124047.631
2008,Nayarit,58.21481601,1989042.88,1254712.442,734330.438,6498079.076,2690847.026,3807232.05
2008,Nuevo Le�n,56.05036041,2229963.724,1838642.476,391321.2479,4174391.643,3467184.141,707207.502
2008,Oaxaca,41.18387934,2734041,2568785.323,165255.6766,4271749.806,3796102.576,475647.2299
2008,Puebla,43.81271451,2311134.785,2050584.316,260550.4681,3359362.792,2916217.808,443144.984
2008,Quer�taro,53.29645074,1226629,1157726,68903,2014691,1894744,119947
2008,Quintana Roo,69.73540062,8311761.044,2198055.781,6113705.263,38671071.48,6240493.968,32430577.51
2008,San Luis Potos�,53.07038369,1325392.963,1232615.49,92777.47259,2235042.066,2073175.71,161866.3561
2008,Sinaloa,54.54328578,2337470.407,2001883.51,335586.8966,6031752.818,4347261.123,1684491.695
2008,Sonora,52.29000288,2378939.376,2199822.446,179116.9307,3684598.523,3347215.75,337382.7725
2008,Tabasco,51.99156243,1198521.613,1157613.641,40907.97218,1902856.343,1837492.397,65363.94639
2008,Tamaulipas,39.32516572,2951970.406,2838303.622,113666.7849,4433615.432,4236670.559,196944.8728
2008,Tlaxcala,33.49566815,301139,296102,5037,415206.6259,403231.1003,11975.52562
2008,Veracruz,47.56297184,4487169,4341349.035,145819.965,6790167.005,6547142.343,243024.6615
2008,Yucat�n,57.72520836,1689506.059,1255844.179,433661.8799,2861178.597,2193428.468,667750.1289
2008,Zacatecas,43.93918128,952985.8165,889755.7529,63230.06355,1512217.79,1391378.141,120839.6488
2007,Aguascalientes,45.14568509,476957.7428,454323.4721,22634.27066,806541.071,758691.567,47849.50395
2007,Baja California,45.1982044,3841115.877,2472062.772,1369053.105,5021982.72,3300018.899,1721963.821
2007,Baja California Sur,63.96674806,1974816.973,648200.4928,1326616.48,6992710.511,1734572.545,5258137.966
2007,Campeche,54.28203693,1086407.006,885130.4856,201276.5203,1510178.842,1261758.026,248420.8162
2007,Chiapas,39.54880132,2888250.26,2392720.349,495529.9112,3827856.171,3138633.189,689222.9825
2007,Chihuahua,49.6265,3036124.616,2567337.86,468786.7563,4760682.84,4140985.188,619697.6523
2007,Coahuila,-,-,-,-,-,-,-
2007,Colima,45.41429042,1062532.009,996726.8999,65805.10927,2410791.456,2184820.163,225971.2932
2007,Distrito Federal,56.34573111,10307002,7747198,2559804,20059934,14670353,5389581
2007,Durango,39.78880731,502799.5119,488891.7818,13907.73012,700749.5171,681881.5043,18868.01274
2007,Guanajuato,40.19930606,2795570.006,2657966.111,137603.8954,4046897.127,3775525.779,271371.3477
2007,Guerrero,46.17965476,6739776.754,6462723.429,277053.3251,10089679.34,8744396.767,1345282.575
2007,Hidalgo,32.6115643,1343245,1310581,32664,1506915,1468380,38535
2007,Jalisco,49.04502031,5539643.403,4536833.745,1002809.657,12950334.18,8897365.909,4052968.276
2007,M�xico,40.60868479,2924938.782,2864448.589,60490.19288,3748031.6,3635006.8,113024.8
2007,Michoac�n,42.17130499,2652142.816,2512834.682,139308.134,3400169.033,3211700.243,188468.7896
2007,Morelos,44.50895252,1332248.957,1262200.444,70048.51282,2163805.723,2040169.349,123636.3733
2007,Nayarit,64.57358076,1117452,652697,464755,3448985,1402708,2046277
2007,Nuevo Le�n,56.38183836,2189569.989,1814764.797,374805.1922,4448893.136,3721740.585,727152.5508
2007,Oaxaca,38.3084255,2445732.165,2247488.012,198244.1528,3950410.185,3340189.209,610220.9761
2007,Puebla,43.12253756,2057898.667,1794685.197,263213.4695,3095688.193,2648996.658,446691.5349
2007,Quer�taro,56.31673722,1432593.441,1327352.608,105240.8333,2330422.998,2157914.815,172508.1832
2007,Quintana Roo,69.49496755,7546720.017,2027348.275,5519371.743,36660354.35,5833907.258,30826447.1
2007,San Luis Potos�,47.85156256,1197811.728,1143347.455,54464.27348,1997012.052,1890021.747,106990.3046
2007,Sinaloa,56.27974717,2131682.976,1817246.502,314436.4747,5792962.035,4036903.739,1756058.296
2007,Sonora,54.02105587,2396690.652,1857056.787,539633.8648,4619515.312,3548420.394,1071094.919
2007,Tabasco,51.65249152,1097472.336,1043791.95,53680.38609,1816575.327,1744299.844,72275.48235
2007,Tamaulipas,-,-,-,-,-,-,-
2007,Tlaxcala,33.0644267,466239.9781,458383.6704,7856.307693,569278.905,556845.0355,12433.8695
2007,Veracruz,48.19302217,5564931.257,5417527.733,147403.5242,8718710.457,8471714.686,246995.7712
2007,Yucat�n,56.33218889,1589939.835,1174706.622,415233.2134,2648973.732,1995408.819,653564.9131
2007,Zacatecas,43.71496511,953882.1899,885408.2616,68473.92828,1491260.613,1353653.838,137606.775
2006,Aguascalientes,45.60462738,432166.8843,394055.6483,38111.23601,812023.2567,733640.6672,78382.58954
2006,Baja California,49.08122932,3532597.602,2171548.392,1361049.21,4898567,3047543.223,1851023.777
2006,Baja California Sur,65.03079948,1834519.538,665619.4499,1168900.088,6401058.331,1526216.282,4874842.049
2006,Campeche,53.99085089,1025681.845,762523.8144,263158.0307,1461478.773,1149994.891,311483.8823
2006,Chiapas,41.43101931,2056502.52,1641121.206,415381.3142,2852466.464,2255501.04,596965.4233
2006,Chihuahua,52.86965579,2667375.51,2107323.465,560052.0455,4696930.752,3840437.916,856492.8362
2006,Coahuila,-,-,-,-,-,-,-
2006,Colima,48.89182925,1224092.54,1134406.607,89685.93303,2646803.649,2389110.461,257693.1884
2006,Distrito Federal,54.38059701,10296329,7563355,2732974,20394682,14702721,5691961
2006,Durango,40.1490932,404368.0388,391435.075,12932.96384,633513.9838,610197.6549,23316.32891
2006,Guanajuato,40.95851709,2809810.815,2668129.38,141681.4349,4259448.935,3950443.331,309005.6037
2006,Guerrero,45.18694406,5818100.424,5543983.934,274116.4899,9160599.547,7771185.146,1389414.401
2006,Hidalgo,29.82251816,1249388,1208451,40937,1524393,1470334,54059
2006,Jalisco,51.0581585,5452893.058,4373704.417,1079188.641,12944558.7,8552482.936,4392075.768
2006,M�xico,38.09944418,2199249.588,2081992.176,117257.4114,3019980.491,2843695.602,176284.8888
2006,Michoac�n,48.88182257,2210411.399,2062661.915,147749.4841,3248918.105,3027727.842,221190.2626
2006,Morelos,44.40274655,1576143.044,1488894.068,87248.97592,2429535.678,2280748.988,148786.6902
2006,Nayarit,69.95386149,1789693.139,915541.8852,874151.2539,6585297.695,2506572.562,4078725.132
2006,Nuevo Le�n,57.52306353,1887644.074,1556611.325,331032.7488,3857869.063,3205802.279,652066.7834
2006,Oaxaca,38.01573779,1892567.329,1674364.325,218203.0037,3569806.821,2905978.113,663828.7084
2006,Puebla,44.38431946,2009199.64,1786706.592,222493.048,3097227.602,2698503.619,398723.9832
2006,Quer�taro,56.0006054,1328060.161,1219788.893,108271.2678,2183237.765,1999261.498,183976.2677
2006,Quintana Roo,71.02117166,6101389.915,1517415.967,4583973.948,30155427.96,4695799.352,25459628.61
2006,San Luis Potos�,46.34244992,1251794.623,1158698.612,93096.01171,1872388.902,1739067.294,133321.6083
2006,Sinaloa,57.3146555,2069708.697,1736861.906,332846.7918,5794158.356,3872291.067,1921867.289
2006,Sonora,55.54547157,2433471.26,1757657.582,675813.6787,4872167.434,3582420.787,1289746.647
2006,Tabasco,57.18631424,1189119.33,1140302.898,48816.43241,1973975.441,1886717.442,87257.99861
2006,Tamaulipas,-,-,-,-,-,-,-
2006,Tlaxcala,46.60387758,684154.4807,648744.5365,35409.94424,901031.7057,855539.3894,45492.31626
2006,Veracruz,51.15811916,5062758.831,4837695.595,225063.2354,8653224.242,8233017.38,420206.8618
2006,Yucat�n,53.80154333,1423181.626,1093460.117,329721.5094,2506193.821,1916015.081,590178.7393
2006,Zacatecas,43.89987384,871576.2929,761846.3563,109729.9366,1411130.093,1198996.645,212133.4475
2005,Aguascalientes,42.55723606,442258.5115,418204.7473,24053.76424,896730.5058,812199.9433,84530.56248
2005,Baja California,48.35086921,3572797.497,2176968.795,1395828.701,4950419.078,3052510.541,1897908.537
2005,Baja California Sur,59.56474068,1405395.043,484228.4886,921166.5547,5257468.285,1121032.239,4136436.046
2005,Campeche,52.03350442,1084031.916,836094.9471,247936.9693,1465030.072,1180264.048,284766.0244
2005,Chiapas,43.58733362,2698574.696,2148095.428,550479.2676,3838728.192,3052340.783,786387.4087
2005,Chihuahua,51.24655478,2244281.016,1820069.756,424211.26,4272553.306,3582981.476,689571.83
2005,Coahuila,33.83735379,1215707.628,1076207.064,139500.5635,1594897.682,1397287.737,197609.9457
2005,Colima,48.68293136,1143826.573,977616.5007,166210.072,2504349.3,2178131.259,326218.0416
2005,Distrito Federal,55.21311047,11408603,8166598,3242005,23791246,16859025,6932221
2005,Durango,33.98751033,436324.7185,416921.6131,19403.10545,545443.0316,520488.0251,24955.00645
2005,Guanajuato,39.91272399,2731690.491,2561997.654,169692.8369,3987601.155,3680255.84,307345.3158
2005,Guerrero,44.99514148,5197234.208,4817191.352,380042.8561,8995115.279,7394338.766,1600776.513
2005,Hidalgo,36.83006209,1119072.616,1100603.438,18469.17788,1347776.79,1322308.982,25467.80748
2005,Jalisco,49.48652687,5067299.274,4128272.807,939026.4669,12664062.93,8551166.865,4112896.065
2005,M�xico,35.76691792,1671683.091,1591124.78,80558.31145,2529743.286,2336788.256,192955.03
2005,Michoac�n,51.0310685,2696721.195,2523484.332,173236.8629,3859407.292,3585903.199,273504.093
2005,Morelos,38.45945733,1277423.501,1178788.973,98634.52836,2038030.656,1889899.008,148131.6485
2005,Nayarit,-,-,-,-,-,-,-
2005,Nuevo Le�n,57.85188734,1843857.847,1528874.428,314983.419,3613305.035,3035916.07,577388.9649
2005,Oaxaca,43.68201354,2167593.472,1903285.792,264307.6799,3981442.969,3263224.878,718218.0913
2005,Puebla,48.05310461,1914298.048,1706027.842,208270.2058,3038706.591,2634029.413,404677.1776
2005,Quer�taro,53.73574358,1196512.51,1096101.313,100411.1966,1962532.863,1779647.18,182885.6829
2005,Quintana Roo,76.09845044,6073561.904,1306722.73,4766839.174,30599483.23,4442027.585,26157455.64
2005,San Luis Potos�,48.22805921,1152204.504,1075957.716,76246.78824,1907273.616,1774709.444,132564.1726
2005,Sinaloa,50.59379379,1752779.289,1414760.076,338019.2133,5542373.113,3572810.887,1969562.226
2005,Sonora,55.53902195,2313633.503,1669260.293,644373.2097,3843985.334,2751613.456,1092371.878
2005,Tabasco,53.3348047,997310.9445,947379.0145,49931.92993,1679536.717,1591746.094,87790.62289
2005,Tamaulipas,-,-,-,-,-,-,-
2005,Tlaxcala,47.0779711,668084.2496,617716.1614,50368.08825,821872.509,761654.743,60217.76607
2005,Veracruz,44.57056395,4601635.517,4419581.82,182053.6975,7799640.904,7367738.982,431901.9223
2005,Yucat�n,58.4845834,1426874.033,1055777.219,371096.8138,2658260.288,1981524.936,676735.3518
2005,Zacatecas,41.79586344,881499.2681,820011.0514,61488.21676,1366399.526,1247966.432,118433.0933
2004,Aguascalientes,43.47022263,491433.1654,460371.5875,31061.57794,896230.8654,818141.7825,78089.08293
2004,Baja California,46.31375209,3070602.462,1746708.29,1323894.173,4384960.504,2570544.769,1814415.735
2004,Baja California Sur,44.56339211,1518309.882,1064687.089,453622.7936,3543763.163,2211558.332,1332204.831
2004,Campeche,50.04036626,1042848.649,805685.7287,237162.9202,1370802.49,1099983.348,270819.1421
2004,Chiapas,45.18140963,2560334.051,2040653.609,519680.4421,3733555.914,2953200.437,780355.4768
2004,Chihuahua,47.37744655,2987172.167,2487315.65,499856.5172,4853437.943,4035494.422,817943.5204
2004,Coahuila,34.79038568,1157034.559,1005326.571,151707.9881,1513479.427,1314921.485,198557.9422
2004,Colima,45.58125897,1081872.946,1016340.193,65532.75354,2311150.878,2137588.687,173562.1908
2004,Distrito Federal,54.59221532,10719621.84,7967612.575,2752009.266,22558821.93,16563886.35,5994935.58
2004,Durango,35.48660118,417766.0274,404325.5852,13440.44222,544222.3851,526020.0254,18202.3597
2004,Guanajuato,37.55924115,2466506.878,2322645.682,143861.1953,3672546.351,3404600.727,267945.6241
2004,Guerrero,45.19690267,5002483.098,4333619.404,668863.6933,9330339.671,7384461.652,1945878.02
2004,Hidalgo,38.66841094,1153601.651,1141657.067,11944.58445,1484005.538,1466738.815,17266.72369
2004,Jalisco,45.26613516,4608307.877,3766831.817,841476.0593,11265277.52,7591805.886,3673471.63
2004,M�xico,37.15804845,1489408.932,1391149.68,98259.25158,2479791.659,2159563.272,320228.387
2004,Michoac�n,38.45058054,2225507.519,2109160.474,116347.0451,2936638.471,2771513.784,165124.6869
2004,Morelos,38.60233076,1501550.714,1434664.807,66885.90701,2244912.337,2152507.241,92405.09645
2004,Nayarit,65.58531203,1155467.95,547989.4316,607478.5184,4889727.992,1626832.566,3262895.426
2004,Nuevo Le�n,53.36927484,1683576.633,1426230.914,257345.7183,3412028.687,2840525.833,571502.8533
2004,Oaxaca,44.11567344,2727670.295,2489346.068,238324.2268,4255847.786,3673316.451,582531.3351
2004,Puebla,55.20277373,2535752.889,2162104.878,373648.011,4073675.606,3422138.956,651536.6501
2004,Quer�taro,50.82340393,1154899.126,1062671.081,92228.04579,1930036.66,1758607.87,171428.7897
2004,Quintana Roo,77.49513599,6599399.873,1535101.161,5064298.711,33759298.24,5392286.341,28367011.89
2004,San Luis Potos�,55.36018206,1085594.759,1019314.532,66280.22679,1982808.506,1815428.237,167380.2697
2004,Sinaloa,37.83299374,1323327.48,1098359.86,224967.6207,4024067.524,3047065.427,977002.0971
2004,Sonora,50.48067232,2286239.143,1580031.419,706207.7235,3622844.138,2538414.971,1084429.167
2004,Tabasco,57.57783323,1011111.954,948658.1059,62453.84854,1600957.303,1513600.671,87356.63219
2004,Tamaulipas,-,-,-,-,-,-,-
2004,Tlaxcala,47.63820618,703276.7124,651614.7518,51661.96062,874101.9807,811782.0499,62319.93073
2004,Veracruz,45.19090925,4913756.378,4750806.804,162949.5732,7953678.789,7635989.802,317688.9868
2004,Yucat�n,53.61474436,1237033.726,884173.1565,352860.57,2240071.017,1581792.451,658278.5664
2004,Zacatecas,36.19144656,847935.9597,787127.6467,60808.31304,1218171.063,1124392.399,93778.66403
2003,Aguascalientes,44.39008411,554950.5463,505131.751,49818.79531,873898.9058,806265.6142,67633.29159
2003,Baja California,45.52061179,2810915.371,1676248.345,1134667.026,4076017.076,2460445.543,1615571.534
2003,Baja California Sur,42.6200565,1491405.909,1242243.073,249162.8354,3003143.146,2375408.09,627735.0566
2003,Campeche,54.35979693,980280.8467,671556.2541,308724.5926,1510175.377,1066871.674,443303.7025
2003,Chiapas,44.76398417,2394958.525,1894369.128,500589.3971,3434182.657,2695410.933,738771.7237
2003,Chihuahua,45.24761517,2539638.87,2118674.741,420964.1289,4069790.094,3362454.443,707335.6509
2003,Coahuila,30.06086772,1145430.934,953818.4677,191612.4664,1487926.15,1257830.89,230095.2601
2003,Colima,47.23418254,1032275.439,964559.8572,67715.58201,2275907.37,2086988.859,188918.5112
2003,Distrito Federal,52.17778647,9478466.379,6926907.103,2551559.276,19883680.17,14267112.24,5616567.931
2003,Durango,33.26794752,377043.3614,362212.0898,14831.27159,486961.1749,468114.9627,18846.21216
2003,Guanajuato,37.4602651,2334973.446,2206627.373,128346.0733,3579319.354,3339434.334,239885.0195
2003,Guerrero,35.75254868,2741606.371,2316691.644,424914.7273,7209295.56,5468586.566,1740708.994
2003,Hidalgo,41.70600079,1200636.241,1188308.232,12328.00945,1692493.289,1669348.403,23144.88622
2003,Jalisco,46.12806878,4323720.797,3470545.289,853175.5083,11319560.16,7468518.54,3851041.622
2003,M�xico,33.9738693,1252119.835,1145747.432,106372.4025,2403337.437,2078478.199,324859.238
2003,Michoac�n,37.18808324,2287454.591,2187586.664,99867.92739,2858286.542,2725863.16,132423.3811
2003,Morelos,39.4465318,1499492.407,1455776.003,43716.4035,2003571.006,1934810.753,68760.2538
2003,Nayarit,60.69884352,1197085.545,762267.1407,434818.404,4565017.105,1936519.619,2628497.485
2003,Nuevo Le�n,53.70292051,1685891.2,1435219.701,250671.4986,3264878.132,2741583.841,523294.291
2003,Oaxaca,42.51044487,1888725.413,1670427.265,218298.1474,3446091.549,2977406.097,468685.4522
2003,Puebla,57.38981444,2518830.692,2144301.391,374529.3014,4045456.488,3390249.398,655207.0898
2003,Quer�taro,48.10855529,992329.9061,938087.6658,54242.24029,1728078.064,1621370.91,106707.1535
2003,Quintana Roo,71.43214015,6097711.957,1702500.518,4395211.439,29928767.86,6214035.557,23714732.31
2003,San Luis Potos�,50.1160263,1160528.15,1093209.622,67318.52861,1511755.406,1431842.221,79913.18478
2003,Sinaloa,37.54133083,1268377.633,1091187.868,177189.7648,3555672.529,2722739.325,832933.204
2003,Sonora,43.19834883,1858179.134,1396706.156,461472.9777,3298350.79,2482903.273,815447.5167
2003,Tabasco,59.26472876,1041541.115,984714.7117,56826.40333,1451966.909,1368582.658,83384.25056
2003,Tamaulipas,-,-,-,-,-,-,-
2003,Tlaxcala,42.60179064,661430.0426,621777.3743,39652.66828,689407.5925,648095.7253,41311.86721
2003,Veracruz,49.6738746,4916584.782,4761309.729,155275.0524,8089230.041,7762014.186,327215.8553
2003,Yucat�n,-,-,-,-,-,-,-
2003,Zacatecas,36.5654148,812452.902,764587.8284,47865.07359,1046084.192,983230.8339,62853.35827
2002,Aguascalientes,45.97085147,525365.771,494816.0584,30549.71259,926920.06,864616.0225,62304.03753
2002,Baja California,46.04410044,2416240.776,1482712.693,933528.0829,3584643.48,2248785.94,1335857.539
2002,Baja California Sur,43.94239781,1356968.265,1166881.467,190086.7971,2592132.888,2133386.013,458746.8749
2002,Campeche,54.7366351,961496.8482,642391.7311,319105.1171,1618949.739,1127903.826,491045.9124
2002,Chiapas,42.44345889,2248839.583,1823257.504,425582.0794,3186814.977,2551732.344,635082.6329
2002,Chihuahua,42.75167557,2512946.829,2150672.621,362274.2078,3946937.206,3339129.199,607808.007
2002,Coahuila,-,-,-,-,-,-,-
2002,Colima,51.13945634,886363.8692,799435.4233,86928.44587,2368708.492,2020440.911,348267.5814
2002,Distrito Federal,55.14960964,8530133.792,6269570.662,2260563.13,18665537.49,13138451.23,5527086.257
2002,Durango,37.70247838,421554.1891,394259.0892,27295.0999,551540.5746,514944.1615,36596.41316
2002,Guanajuato,41.72886272,2706156.304,2541469.043,164687.2604,3810777.734,3532387.172,278390.5621
2002,Guerrero,40.40415809,3003139.188,2544981.469,458157.7192,8282660.628,6432381.248,1850279.38
2002,Hidalgo,40.27083224,1190288.637,1177224.691,13063.94618,1732354.088,1708387.794,23966.29376
2002,Jalisco,48.37801359,4378235.904,3492035.572,886200.3326,11743239.92,7566618.299,4176621.619
2002,M�xico,35.17121467,1086899.149,1007650.475,79248.6735,2387442.664,2100655.982,286786.6819
2002,Michoac�n,37.42608363,2140106.632,2049650.61,90456.0227,2786402.626,2662767.741,123634.8852
2002,Morelos,38.89208803,1378535.943,1342595.887,35940.05647,1997388.066,1919196.329,78191.73666
2002,Nayarit,56.92411938,871925.6323,488311.6592,383613.9731,4012898.704,1763523.336,2249375.367
2002,Nuevo Le�n,57.86996961,1654831.391,1383521.952,271309.4392,3094787.818,2524903.348,569884.4698
2002,Oaxaca,43.83167663,1743837.678,1536314.034,207523.6445,3200423.944,2708826.715,491597.2293
2002,Puebla,58.20644383,2379102.469,2031872.512,347229.9571,3848045.009,3243628.713,604416.2962
2002,Quer�taro,50.83056908,1049613.681,1009103.066,40510.61565,1785827.615,1711220.262,74607.35235
2002,Quintana Roo,65.38186115,5609478.542,1712099.556,3897378.986,26363583.24,6455959.991,19907623.25
2002,San Luis Potos�,55.36852762,1253099.645,1193605.73,59493.91555,1590764.983,1520018.032,70746.95092
2002,Sinaloa,38.45987255,1302428.701,1100421.886,202006.8149,3628432.477,2690225.247,938207.2295
2002,Sonora,45.48559155,1853215.622,1454765.964,398449.6574,3260451.066,2530214.584,730236.4821
2002,Tabasco,57.11914617,933110.6243,880123.9861,52986.63823,1341670.871,1267835.96,73834.91173
2002,Tamaulipas,-,-,-,-,-,-,-
2002,Tlaxcala,37.93764687,452985.6409,422115.0381,30870.60281,494859.4844,461552.5347,33306.94975
2002,Veracruz,45.49888125,4735837.8,4616936.13,118901.6699,7304905.727,7054952.59,249953.1371
2002,Yucat�n,-,-,-,-,-,-,-
2002,Zacatecas,44.42733145,720898.9195,702338.4609,18560.45862,842193.3026,819027.9325,23165.37011
2001,Aguascalientes,49.18314253,589798.0925,558949.6968,30848.39572,949235.953,890190.1353,59045.81772
2001,Baja California,43.75839791,2572550.02,1603334.681,969215.3384,3753766.726,2377258.594,1376508.132
2001,Baja California Sur,52.77770146,1501607.198,1058956.124,442651.074,2608651.082,1887030.87,721620.2116
2001,Campeche,58.8780408,1002540.156,694471.2433,308068.9125,1564431.118,1110574.38,453856.7377
2001,Chiapas,41.11706184,1912175.645,1468325.806,443849.839,2909791.405,2196535.658,713255.7468
2001,Chihuahua,47.75549308,2849691.141,2459675.259,390015.8825,4565682.667,3936564.77,629117.8977
2001,Coahuila,-,-,-,-,-,-,-
2001,Colima,55.3286924,987112.2821,891490.8054,95621.47676,2550615.449,2136588.254,414027.1956
2001,Distrito Federal,60.09284926,9015118.976,6476367.438,2538751.537,20496031.06,14181169.97,6314861.097
2001,Durango,41.91243613,449137.8357,430373.8413,18763.99437,598781.7078,575603.8344,23177.87337
2001,Guanajuato,44.81787593,2738766.686,2558920.486,179846.1999,3763310.653,3465211.723,298098.9304
2001,Guerrero,44.60401263,3717352.639,2535320.531,1182032.108,9195762.411,6417021.99,2778740.421
2001,Hidalgo,44.04232454,1277584.574,1270118.166,7466.407831,1735463.905,1720728.582,14735.323
2001,Jalisco,52.99745855,4595915.312,3589800.166,1006115.146,12687959.84,7946778,4741181.836
2001,M�xico,38.99038751,1047902.2,984151.4396,63750.75991,2689971.314,2387456.765,302514.5488
2001,Michoac�n,41.35372095,2455188.969,2345621.227,109567.7428,3154062.75,3006789.978,147272.7718
2001,Morelos,38.19148565,1316324.182,1265106.425,51217.75636,1914762.861,1835791.357,78971.50397
2001,Nayarit,54.90926501,637682.5317,410952.2994,226730.2323,3143920.639,1438346.72,1705573.919
2001,Nuevo Le�n,58.09271362,1694097.497,1411713.733,282383.7638,2966649.56,2444637.826,522011.734
2001,Oaxaca,45.23968614,1531702.038,1283365.348,248336.6903,3096329.765,2368269.294,728060.4707
2001,Puebla,59.97560699,2142242.555,1798128.941,344113.6147,3562792.994,2967257.107,595535.8872
2001,Quer�taro,50.5192796,982043.9287,942719.1378,39324.79086,1701592.182,1628112.298,73479.88382
2001,Quintana Roo,70.44210177,4963286.474,1366368.51,3596917.964,24141644.68,5146371.504,18995273.17
2001,San Luis Potos�,51.42116372,994621.4625,942009.8459,52611.61652,1377100.769,1302131.856,74968.91232
2001,Sinaloa,41.29407043,1334786.79,1075461.935,259324.8551,3825562.664,2507596.076,1317966.588
2001,Sonora,49.01199144,2134184.909,1757370.85,376814.0591,3365395.753,2843281.171,522114.5817
2001,Tabasco,56.82996042,821582.2013,771204.792,50377.40938,1271165.477,1198896.001,72269.47547
2001,Tamaulipas,-,-,-,-,-,-,-
2001,Tlaxcala,46.38483388,477165.1071,405392.1597,71772.94742,504733.523,430810.1546,73923.36837
2001,Veracruz,44.23073681,4595005.478,4442682.295,152323.1828,6730626.219,6468240.434,262385.7849
2001,Yucat�n,-,-,-,-,-,-,-
2001,Zacatecas,48.02797881,863018.5958,809723.1958,53295.40002,1293816.551,1203865.713,89950.838
2000,Aguascalientes,47.69096981,499935.7535,483769.7616,16165.99191,824423.089,784454.2481,39968.84085
2000,Baja California,47.13146603,2646043.882,1599749.487,1046294.395,4002115.605,2439149.308,1562966.297
2000,Baja California Sur,47.62536416,873095.428,236003.7615,637091.6665,2294028.843,415298.4162,1878730.427
2000,Campeche,55.91189565,787894.3202,537065.59,250828.7302,1272066.718,900252.797,371813.9213
2000,Chiapas,42.02656017,1881696.096,1463640.265,418055.831,2891103.311,2260617.574,630485.7363
2000,Chihuahua,50.49010132,2541121.531,2162169.477,378952.0543,4375742.899,3685849.742,689893.1564
2000,Coahuila,-,-,-,-,-,-,-
2000,Colima,56.32780759,877613.8058,812786.3154,64827.49034,2587587.667,2200464.514,387123.154
2000,Distrito Federal,56.59127577,8178700.216,6295338.765,1883361.451,16561277.07,11888102.14,4673174.935
2000,Durango,44.07907132,470364.5924,450402.5042,19962.08823,599782.293,576457.5283,23324.76468
2000,Guanajuato,49.36033105,2864989.978,2665908.409,199081.5687,3732409.84,3410301.37,322108.4701
2000,Guerrero,47.31152945,2777895.055,2186853.874,591041.1815,8995326.356,6064687.517,2930638.84
2000,Hidalgo,62.61979475,1865172.121,1864858.617,313.5043128,2095303.986,2094990.482,313.5043128
2000,Jalisco,57.94437848,4939147.925,3481217.582,1457930.344,12910772.29,7616263.916,5294508.377
2000,M�xico,39.60713644,1010108.856,950676.1009,59432.75496,2747525.274,2388031.641,359493.6334
2000,Michoac�n,41.56311426,2441128.846,2335082.08,106046.766,3219696.2,3076824.895,142871.3044
2000,Morelos,42.44025251,1390210.775,1323233.516,66977.25884,1968288.614,1872470.865,95817.74921
2000,Nayarit,36.24437802,575233.1485,559487.5578,15745.59069,1085766.155,1061022.86,24743.29535
2000,Nuevo Le�n,63.78399401,1627257.045,1359466.424,267790.6216,2977568.137,2458512.017,519056.12
2000,Oaxaca,45.10704363,1459962.212,1206683.146,253279.0653,2942664.634,2295602.736,647061.8984
2000,Puebla,59.08193645,1990453.234,1720848.306,269604.9279,3410981.545,2940078.722,470902.8239
2000,Quer�taro,54.64660155,994049.7394,955380.8713,38668.86812,1749073.404,1674304.141,74769.26256
2000,Quintana Roo,71.86142381,4076166.606,1005471.976,3070694.631,20726544.77,3873743.924,16852800.85
2000,San Luis Potos�,50.6975767,1086361.851,1039347.196,47014.65595,1361211.024,1298973.465,62237.55939
2000,Sinaloa,45.3928728,1387167.787,1120791.882,266375.9054,3911306.792,2516871.951,1394434.84
2000,Sonora,61.57564677,2373756.948,2017482.108,356274.8399,4079248.621,3540640.165,538608.4564
2000,Tabasco,59.96382735,874655.8622,826154.5351,48501.32711,1262634.264,1193234.921,69399.34363
2000,Tamaulipas,-,-,-,-,-,-,-
2000,Tlaxcala,48.60065764,436050.5732,398999.4804,37051.09278,491646.3629,448531.3511,43115.01185
2000,Veracruz,45.62587322,4532470.014,4382888.834,149581.18,6270430.326,6021700.759,248729.5671
2000,Yucat�n,-,-,-,-,-,-,-
2000,Zacatecas,48.57459575,889493.4093,838775.8493,50717.56006,1266231.464,1188915.257,77316.20712
